"V1","V2","V3","V4","V5","V6","V7","V8","V9","V10","V11","V12","V13","V14","V15","V16","V17","V18","V19","V20","V21","V22","V23","V24","V25","V26","V27","V28","V29","V30","V31","V32","V33","V34","V35","V36","V37","V38","V39","V40","V41","V42","V43","V44","V45","V46","V47","V48","V49","V50","V51","V52","V53","V54","V55","V56","V57","V58","V59","V60","V61","V62","V63","V64","V65","V66","V67","V68","V69","V70","V71","V72","V73","V74","V75","V76","V77","V78","V79","V80","V81","V82","V83","V84","V85","V86","V87","V88","V89","V90","V91","V92","V93","V94","V95","V96","V97","V98","V99","V100","V101","V102","V103","V104","V105","V106","V107","V108","V109","V110","V111","V112","V113","V114","V115","V116","V117","V118","V119","V120","V121","V122","V123","V124","V125","V126","V127","V128","V129","V130","V131","V132","V133","V134","V135","V136","V137"
1,3,6,7,10,12,13,16,17,18,19,22,23,30,46,52,53,55,57,58,59,60,61,64,65,66,70,73,74,75,76,79,80,81,86,88,89,91,95,101,102,103,107,108,109,110,112,113,116,117,NA,NA,NA,NA,NA,NA,NA,NA,NA,NA,NA,NA,NA,NA,NA,NA,NA,NA,NA,NA,NA,NA,NA,NA,NA,NA,NA,NA,NA,NA,NA,NA,NA,NA,NA,NA,NA,NA,NA,NA,NA,NA,NA,NA,NA,NA,NA,NA,NA,NA,NA,NA,NA,NA,NA,NA,NA,NA,NA,NA,NA,NA,NA,NA,NA,NA,NA,NA,NA,NA,NA,NA,NA,NA,NA,NA,NA,NA,NA,NA,NA,NA,NA,NA,NA,NA,NA
1,3,6,7,10,12,13,15,16,17,18,19,22,23,30,39,45,46,52,53,55,56,57,58,59,60,61,64,65,66,70,73,74,75,76,79,80,81,86,88,89,91,95,101,102,107,108,109,110,112,113,114,116,117,NA,NA,NA,NA,NA,NA,NA,NA,NA,NA,NA,NA,NA,NA,NA,NA,NA,NA,NA,NA,NA,NA,NA,NA,NA,NA,NA,NA,NA,NA,NA,NA,NA,NA,NA,NA,NA,NA,NA,NA,NA,NA,NA,NA,NA,NA,NA,NA,NA,NA,NA,NA,NA,NA,NA,NA,NA,NA,NA,NA,NA,NA,NA,NA,NA,NA,NA,NA,NA,NA,NA,NA,NA,NA,NA,NA,NA,NA,NA,NA,NA,NA,NA
3,6,7,8,12,13,14,15,17,18,20,21,22,30,39,45,46,49,52,55,57,61,63,64,65,66,68,70,72,73,74,75,76,77,79,80,81,82,83,84,86,87,88,94,95,98,102,107,108,109,110,113,114,116,NA,NA,NA,NA,NA,NA,NA,NA,NA,NA,NA,NA,NA,NA,NA,NA,NA,NA,NA,NA,NA,NA,NA,NA,NA,NA,NA,NA,NA,NA,NA,NA,NA,NA,NA,NA,NA,NA,NA,NA,NA,NA,NA,NA,NA,NA,NA,NA,NA,NA,NA,NA,NA,NA,NA,NA,NA,NA,NA,NA,NA,NA,NA,NA,NA,NA,NA,NA,NA,NA,NA,NA,NA,NA,NA,NA,NA,NA,NA,NA,NA,NA,NA
3,4,6,7,10,11,13,15,16,17,19,20,21,30,35,37,39,45,52,53,59,61,63,64,65,66,70,71,72,73,74,76,77,79,81,82,83,84,87,88,95,98,101,102,103,104,106,107,108,109,110,113,114,115,116,117,NA,NA,NA,NA,NA,NA,NA,NA,NA,NA,NA,NA,NA,NA,NA,NA,NA,NA,NA,NA,NA,NA,NA,NA,NA,NA,NA,NA,NA,NA,NA,NA,NA,NA,NA,NA,NA,NA,NA,NA,NA,NA,NA,NA,NA,NA,NA,NA,NA,NA,NA,NA,NA,NA,NA,NA,NA,NA,NA,NA,NA,NA,NA,NA,NA,NA,NA,NA,NA,NA,NA,NA,NA,NA,NA,NA,NA,NA,NA,NA,NA
3,6,7,10,11,12,13,14,16,17,18,19,20,21,22,30,33,35,37,39,40,45,49,52,53,54,55,59,61,63,64,65,66,70,71,72,73,75,76,77,79,80,81,83,84,86,87,91,95,98,101,102,103,104,106,107,108,109,110,112,113,115,116,117,NA,NA,NA,NA,NA,NA,NA,NA,NA,NA,NA,NA,NA,NA,NA,NA,NA,NA,NA,NA,NA,NA,NA,NA,NA,NA,NA,NA,NA,NA,NA,NA,NA,NA,NA,NA,NA,NA,NA,NA,NA,NA,NA,NA,NA,NA,NA,NA,NA,NA,NA,NA,NA,NA,NA,NA,NA,NA,NA,NA,NA,NA,NA,NA,NA,NA,NA,NA,NA,NA,NA,NA,NA
3,6,7,10,11,12,13,14,16,17,18,19,20,21,30,33,35,36,37,39,40,45,46,47,49,52,53,54,55,59,61,63,64,65,68,70,71,72,73,75,76,77,79,80,81,83,84,86,87,91,95,100,101,102,103,104,106,107,109,110,111,112,113,115,116,117,NA,NA,NA,NA,NA,NA,NA,NA,NA,NA,NA,NA,NA,NA,NA,NA,NA,NA,NA,NA,NA,NA,NA,NA,NA,NA,NA,NA,NA,NA,NA,NA,NA,NA,NA,NA,NA,NA,NA,NA,NA,NA,NA,NA,NA,NA,NA,NA,NA,NA,NA,NA,NA,NA,NA,NA,NA,NA,NA,NA,NA,NA,NA,NA,NA,NA,NA,NA,NA,NA,NA
3,6,7,10,11,12,13,14,16,17,18,19,20,21,22,23,30,33,37,39,40,45,49,52,53,54,55,61,63,64,65,66,68,70,71,72,73,75,76,77,79,80,81,84,86,87,88,89,91,95,98,101,102,103,104,107,109,110,111,112,113,115,116,NA,NA,NA,NA,NA,NA,NA,NA,NA,NA,NA,NA,NA,NA,NA,NA,NA,NA,NA,NA,NA,NA,NA,NA,NA,NA,NA,NA,NA,NA,NA,NA,NA,NA,NA,NA,NA,NA,NA,NA,NA,NA,NA,NA,NA,NA,NA,NA,NA,NA,NA,NA,NA,NA,NA,NA,NA,NA,NA,NA,NA,NA,NA,NA,NA,NA,NA,NA,NA,NA,NA,NA,NA,NA
1,3,6,7,8,10,11,12,13,14,16,18,19,20,21,22,23,30,33,35,37,39,40,45,49,52,53,54,55,61,63,64,65,66,69,70,71,72,73,75,76,77,79,81,83,84,86,87,88,89,91,95,101,102,103,104,108,109,110,111,112,113,115,116,117,NA,NA,NA,NA,NA,NA,NA,NA,NA,NA,NA,NA,NA,NA,NA,NA,NA,NA,NA,NA,NA,NA,NA,NA,NA,NA,NA,NA,NA,NA,NA,NA,NA,NA,NA,NA,NA,NA,NA,NA,NA,NA,NA,NA,NA,NA,NA,NA,NA,NA,NA,NA,NA,NA,NA,NA,NA,NA,NA,NA,NA,NA,NA,NA,NA,NA,NA,NA,NA,NA,NA,NA
3,6,7,8,10,11,12,13,14,16,18,19,20,21,22,23,30,33,35,37,39,40,45,49,52,53,54,55,61,63,64,65,66,68,70,71,72,73,75,76,77,79,81,84,86,87,88,89,91,95,101,102,103,104,106,107,108,109,110,111,112,113,116,117,NA,NA,NA,NA,NA,NA,NA,NA,NA,NA,NA,NA,NA,NA,NA,NA,NA,NA,NA,NA,NA,NA,NA,NA,NA,NA,NA,NA,NA,NA,NA,NA,NA,NA,NA,NA,NA,NA,NA,NA,NA,NA,NA,NA,NA,NA,NA,NA,NA,NA,NA,NA,NA,NA,NA,NA,NA,NA,NA,NA,NA,NA,NA,NA,NA,NA,NA,NA,NA,NA,NA,NA,NA
1,3,6,7,8,10,11,12,13,14,18,19,20,21,22,23,30,33,35,37,39,40,45,49,52,53,55,59,61,63,64,65,66,68,70,71,72,73,75,76,77,79,81,83,84,86,87,88,89,91,94,95,101,102,103,104,106,107,108,109,110,111,112,113,115,116,117,NA,NA,NA,NA,NA,NA,NA,NA,NA,NA,NA,NA,NA,NA,NA,NA,NA,NA,NA,NA,NA,NA,NA,NA,NA,NA,NA,NA,NA,NA,NA,NA,NA,NA,NA,NA,NA,NA,NA,NA,NA,NA,NA,NA,NA,NA,NA,NA,NA,NA,NA,NA,NA,NA,NA,NA,NA,NA,NA,NA,NA,NA,NA,NA,NA,NA,NA,NA,NA,NA
1,3,6,7,10,11,12,13,14,16,17,18,19,20,21,23,30,33,35,37,39,40,45,49,52,53,54,55,61,63,64,65,66,68,70,71,72,73,76,77,79,81,83,84,86,87,88,91,94,95,101,102,103,104,106,107,108,109,110,111,112,113,115,116,117,NA,NA,NA,NA,NA,NA,NA,NA,NA,NA,NA,NA,NA,NA,NA,NA,NA,NA,NA,NA,NA,NA,NA,NA,NA,NA,NA,NA,NA,NA,NA,NA,NA,NA,NA,NA,NA,NA,NA,NA,NA,NA,NA,NA,NA,NA,NA,NA,NA,NA,NA,NA,NA,NA,NA,NA,NA,NA,NA,NA,NA,NA,NA,NA,NA,NA,NA,NA,NA,NA,NA,NA
3,6,7,10,11,12,13,14,16,17,18,19,20,21,23,30,33,35,37,39,40,45,49,52,53,54,55,59,61,62,63,64,65,66,70,71,72,73,75,76,79,80,83,84,86,87,88,89,91,95,98,101,102,103,104,107,108,109,110,111,112,113,115,116,117,NA,NA,NA,NA,NA,NA,NA,NA,NA,NA,NA,NA,NA,NA,NA,NA,NA,NA,NA,NA,NA,NA,NA,NA,NA,NA,NA,NA,NA,NA,NA,NA,NA,NA,NA,NA,NA,NA,NA,NA,NA,NA,NA,NA,NA,NA,NA,NA,NA,NA,NA,NA,NA,NA,NA,NA,NA,NA,NA,NA,NA,NA,NA,NA,NA,NA,NA,NA,NA,NA,NA,NA
1,3,4,6,7,10,11,12,13,14,16,17,18,19,20,21,22,23,30,33,37,39,40,45,49,52,53,54,55,59,61,63,64,65,66,68,70,71,72,73,75,76,77,79,80,83,84,86,87,88,89,91,94,95,101,102,103,104,106,107,108,109,110,111,112,113,115,116,117,NA,NA,NA,NA,NA,NA,NA,NA,NA,NA,NA,NA,NA,NA,NA,NA,NA,NA,NA,NA,NA,NA,NA,NA,NA,NA,NA,NA,NA,NA,NA,NA,NA,NA,NA,NA,NA,NA,NA,NA,NA,NA,NA,NA,NA,NA,NA,NA,NA,NA,NA,NA,NA,NA,NA,NA,NA,NA,NA,NA,NA,NA,NA,NA,NA,NA,NA,NA
1,3,4,5,6,7,10,11,12,13,14,16,17,18,19,20,21,22,23,27,30,31,33,35,37,39,40,45,48,49,52,53,54,55,61,63,64,65,66,70,71,72,73,74,76,77,79,80,81,84,86,87,88,89,91,94,95,96,100,101,102,103,104,107,108,109,110,111,112,113,116,117,NA,NA,NA,NA,NA,NA,NA,NA,NA,NA,NA,NA,NA,NA,NA,NA,NA,NA,NA,NA,NA,NA,NA,NA,NA,NA,NA,NA,NA,NA,NA,NA,NA,NA,NA,NA,NA,NA,NA,NA,NA,NA,NA,NA,NA,NA,NA,NA,NA,NA,NA,NA,NA,NA,NA,NA,NA,NA,NA,NA,NA,NA,NA,NA,NA
1,2,5,6,7,10,11,12,13,14,16,17,18,19,20,21,22,23,27,30,32,33,35,37,39,40,45,48,49,52,53,54,55,59,61,63,64,65,66,70,71,72,73,74,76,77,79,80,81,84,86,87,88,89,91,94,95,96,100,101,102,103,104,107,109,110,111,112,113,116,117,NA,NA,NA,NA,NA,NA,NA,NA,NA,NA,NA,NA,NA,NA,NA,NA,NA,NA,NA,NA,NA,NA,NA,NA,NA,NA,NA,NA,NA,NA,NA,NA,NA,NA,NA,NA,NA,NA,NA,NA,NA,NA,NA,NA,NA,NA,NA,NA,NA,NA,NA,NA,NA,NA,NA,NA,NA,NA,NA,NA,NA,NA,NA,NA,NA,NA
1,2,3,4,5,6,7,10,11,12,13,14,16,17,18,19,20,21,22,23,27,30,32,33,35,37,39,40,45,48,49,52,53,54,55,59,61,62,63,64,65,66,70,71,72,73,74,75,76,77,79,80,81,84,86,87,88,89,91,94,95,96,100,101,102,103,104,107,108,109,110,111,112,113,116,117,NA,NA,NA,NA,NA,NA,NA,NA,NA,NA,NA,NA,NA,NA,NA,NA,NA,NA,NA,NA,NA,NA,NA,NA,NA,NA,NA,NA,NA,NA,NA,NA,NA,NA,NA,NA,NA,NA,NA,NA,NA,NA,NA,NA,NA,NA,NA,NA,NA,NA,NA,NA,NA,NA,NA,NA,NA,NA,NA,NA,NA
3,4,6,7,10,11,13,14,16,17,18,19,20,21,22,23,27,30,33,35,37,39,40,45,46,49,52,53,54,61,62,63,65,66,68,69,70,71,73,74,75,76,79,80,81,83,84,86,87,88,89,91,94,95,98,102,103,104,107,108,109,110,111,112,113,115,116,117,NA,NA,NA,NA,NA,NA,NA,NA,NA,NA,NA,NA,NA,NA,NA,NA,NA,NA,NA,NA,NA,NA,NA,NA,NA,NA,NA,NA,NA,NA,NA,NA,NA,NA,NA,NA,NA,NA,NA,NA,NA,NA,NA,NA,NA,NA,NA,NA,NA,NA,NA,NA,NA,NA,NA,NA,NA,NA,NA,NA,NA,NA,NA,NA,NA,NA,NA,NA,NA
